"name","brand","category","subcategory","gender","price","currency","color","material","sizes","description","product_url","photo_url"
"leather disco biker jacket","Philipp Plein","tops","","male","19000","RUB","Black","","","Philipp Plein leather disco biker jacket | Black | Lamb Skin/glass/Polyester/Spandex/Elastane/Polyester | Leather Jackets | Jackets | Clothing | Men","https://www.farfetch.com/de/shopping/men/philipp-plein-leather-disco-biker-jacket-item-18497263.aspx","https://cdn-images.farfetch-contents.com/18/49/72/63/18497263_40698818_1000.jpg"
"CTT 3.1 Chinese high-neck jacket","adidas","tops","","male","13000","RUB","Grey","","","adidas CTT 3.1 Chinese high-neck jacket | Grey | grey | high neck | front toggle fastening | three-stripe detailing to the sleeves | ribbed hem | ribbed cuffs | Fabric | Bomber Jackets | Jackets | Clothing | Men | Bomber Jackets | Jackets | Clothing | Women","https://www.farfetch.com/de/shopping/men/adidas-ctt-31-chinese-high-neck-jacket-item-33792599.aspx","https://cdn-images.farfetch-contents.com/33/79/25/99/33792599_64695140_1000.jpg"
"zip polo shirt","Paul & Shark","tops","","male","29000","RUB","Black","","","Paul & Shark zip polo shirt | Black | black | zip detail | logo detail | short sleeves | ribbed collar | Cotton | Polo Shirts | Clothing | Men","https://www.farfetch.com/de/shopping/men/paul-shark-poloshirt-mit-reiverschluss-item-34693030.aspx","https://cdn-images.farfetch-contents.com/34/69/30/30/34693030_65825524_1000.jpg"
"Swarovski Wreath ""Black"" zip hoodie","Denim Tears","tops","","male","107000","RUB","Black","","","Denim Tears Swarovski Wreath ""Black"" zip hoodie | Black | black | front zip fastening | two front pouch pockets | fitted-cuff sleeves | Cotton/Cashmere | Hoodies | Sweatshirts & Knitwear | Clothing | Men","https://www.farfetch.com/de/shopping/men/denim-tears-swarovski-wreath-black-zip-hoodie-item-29173388.aspx","https://cdn-images.farfetch-contents.com/29/17/33/88/29173388_58258662_1000.jpg"
"cable-knit sweater","Ralph Lauren RRL","tops","","male","102000","RUB","Neutrals","","","Ralph Lauren RRL cable-knit sweater | Neutrals | BEIGE | cable knit | ribbed detailing | crew neck | long sleeves | Cotton/Linen/Flax/Silk | Jumpers | Sweatshirts & Knitwear | Clothing | Men","https://www.farfetch.com/de/shopping/men/ralph-lauren-rrl-cable-knit-sweater-item-32699250.aspx","https://cdn-images.farfetch-contents.com/32/69/92/50/32699250_62962447_1000.jpg"
"logo-detail T-shirt","Off-White","tops","","male","80000","RUB","Black","","","Off-White logo-detail T-shirt | Black | black | round neck | short sleeves | Cotton | T-Shirts | T-Shirts & Vests | Clothing | Men","https://www.farfetch.com/de/shopping/men/off-white-logo-detail-t-shirt-item-34913322.aspx","https://cdn-images.farfetch-contents.com/34/91/33/22/34913322_66259408_1000.jpg"
"button polo shirt","Paul & Shark","tops","","male","18000","RUB","Blue","","","Paul & Shark button polo shirt | Blue | blue | button fastening | short sleeves | Silk/Cotton | Polo Shirts | Clothing | Men","https://www.farfetch.com/de/shopping/men/paul-shark-poloshirt-mit-knopfleiste-item-34693017.aspx","https://cdn-images.farfetch-contents.com/34/69/30/17/34693017_65819973_1000.jpg"
"Lior box-pleat wide-leg trousers","Manière De Voir","tops","","male","17000","RUB","Black","","","Manière De Voir Lior box-pleat wide-leg trousers | Black | black | pleated-details | slash pockets | straight hem | Polyester/Wool/Rayon/Spandex/Elastane | Wide-Leg Trousers | Tailored Trousers | Trousers | Clothing | Men","https://www.farfetch.com/de/shopping/men/maniere-de-voir-lior-box-pleat-wide-leg-trousers-item-31167531.aspx","https://cdn-images.farfetch-contents.com/31/16/75/31/31167531_60359302_1000.jpg"
"logo-patch jeans","DSQUARED2","tops","","male","153000","RUB","Black","","","DSQUARED2 logo-patch jeans | Black | black | whiskering effect | front button fastening | classic five pockets | logo patch to the rear | Cotton/Elastane | Regular & Straight-Leg Jeans | Denim | Clothing | Men","https://www.farfetch.com/de/shopping/men/dsquared2-logo-patch-jeans-item-30211923.aspx","https://cdn-images.farfetch-contents.com/30/21/19/23/30211923_59252592_1000.jpg"
"drawstring-fastening patterned swim shorts","SANDRO","tops","","male","53000","RUB","Grey","","","SANDRO drawstring-fastening patterned swim shorts | Grey | dark grey | patterned | drawstring fastening | elasticated waistband | back patch pocket | Be mindful to try on swimwear over your own garments. | Polyamide/Polyester | Swim Shorts | Beachwear | Clothing | Men","https://www.farfetch.com/de/shopping/men/sandro-drawstring-fastening-patterned-swim-shorts-item-32553214.aspx","https://cdn-images.farfetch-contents.com/32/55/32/14/32553214_63336855_1000.jpg"
"leather-collar pocket shirt jacket","LEMAIRE","tops","","male","195000","RUB","Black","","","LEMAIRE leather-collar pocket shirt jacket | Black | black | leather collar | double chest pocket | button fastening | Fabric/Calf Leather | Shirt Jackets | Jackets | Clothing | Men","https://www.farfetch.com/de/shopping/men/lemaire-hemdjacke-mit-lederkragen-item-33858733.aspx","https://cdn-images.farfetch-contents.com/33/85/87/33/33858733_64670146_1000.jpg"
"logo-print T-shirt","Chrome Hearts","tops","","male","227000","RUB","Black","","","Chrome Hearts logo-print T-shirt | Black | black | V-neck | logo print | Nylon | T-Shirts | T-Shirts & Vests | Clothing | Men","https://www.farfetch.com/de/shopping/men/chrome-hearts-logo-print-t-shirt-item-31213197.aspx","https://cdn-images.farfetch-contents.com/31/21/31/97/31213197_60485849_1000.jpg"
"floral-detail shirt","DRIES VAN NOTEN","tops","","male","291000","RUB","White","","","DRIES VAN NOTEN floral-detail shirt | White | white | floral print | button fastening | long sleeves | point collar | Cotton/Viscose | Shirts | Clothing | Men","https://www.farfetch.com/de/shopping/men/dries-van-noten-hemd-mit-blumendetail-item-33386231.aspx","https://cdn-images.farfetch-contents.com/33/38/62/31/33386231_64001106_1000.jpg"
"Compass-badge sweatshirt","Stone Island","tops","","male","104000","RUB","Black","","","Stone Island Compass-badge sweatshirt | Black | black | crew-neck | raglan sleeves | regular fit | ribbed trims | Organic Cotton | Sweatshirts | Sweatshirts & Knitwear | Clothing | Men","https://www.farfetch.com/de/shopping/men/stone-island-compass-badge-sweatshirt-item-26682510.aspx","https://cdn-images.farfetch-contents.com/26/68/25/10/26682510_57104631_1000.jpg"
"logo-print hoodie ","FEAR OF GOD ESSENTIALS","tops","","male","174000","RUB","Black","","","FEAR OF GOD ESSENTIALS logo-print hoodie  | Black | black | classic hood | drop shoulder | long sleeves | Cotton | Hoodies | Sweatshirts & Knitwear | Clothing | Men","https://www.farfetch.com/de/shopping/men/fear-of-god-essentials-logo-print-hoodie-item-27358622.aspx","https://cdn-images.farfetch-contents.com/27/35/86/22/27358622_57322613_1000.jpg"
"slashed paint jeans","Purple Brand","tops","","male","51000","RUB","Blue","","","Purple Brand slashed paint jeans | Blue | light indigo | distressed effect | paint detail | five pockets | button fastening | belt loops | Cotton/Lycra | Skinny Jeans | Denim | Clothing | Men","https://www.farfetch.com/de/shopping/men/purple-brand-slashed-paint-jeans-item-31980946.aspx","https://cdn-images.farfetch-contents.com/31/98/09/46/31980946_62952123_1000.jpg"
"graphic-print T-shirt","New Balance","tops","","male","24000","RUB","Neutrals","","","New Balance graphic-print T-shirt | Neutrals | white | graphic print | crew neck | short sleeves | Cotton | T-Shirts | T-Shirts & Vests | Clothing | Men","https://www.farfetch.com/de/shopping/men/new-balance-t-shirt-mit-grafischem-print-item-31473676.aspx","https://cdn-images.farfetch-contents.com/31/47/36/76/31473676_63245477_1000.jpg"
"drawstring trousers","Brunello Cucinelli","tops","","male","512000","RUB","Brown","","","Brunello Cucinelli drawstring trousers | Brown | brown | drawstring | elasticated waistband | back welt pocket | Linen/Flax/Virgin Wool/Cupro | Tapered Trousers | Trousers | Clothing | Men","https://www.farfetch.com/de/shopping/men/brunello-cucinelli-hose-mit-kordelzug-item-32937062.aspx","https://cdn-images.farfetch-contents.com/32/93/70/62/32937062_64428687_1000.jpg"
"x Scarce Cathedral hoodie","Who Decides War","tops","","male","152000","RUB","Black","","","Who Decides War x Scarce Cathedral hoodie | Black | black | hooded neckline | long sleeves | pouch pocket | graphic print | arched panel | Cotton | Hoodies | Sweatshirts & Knitwear | Clothing | Men","https://www.farfetch.com/de/shopping/men/who-decides-war-x-scarce-cathedral-hoodie-item-26782553.aspx","https://cdn-images.farfetch-contents.com/26/78/25/53/26782553_59854005_1000.jpg"
"graphic-print swim shorts","Moschino","tops","","male","101000","RUB","White","","","Moschino graphic-print swim shorts | White | white | graphic print | elasticated waistband | Be mindful to try on swimwear over your own garments. | Polyester | Swim Shorts | Beachwear | Clothing | Men","https://www.farfetch.com/de/shopping/men/moschino-graphic-print-swim-shorts-item-32952674.aspx","https://cdn-images.farfetch-contents.com/32/95/26/74/32952674_63379500_1000.jpg"
"CTT track jacket","adidas","tops","","male","40000","RUB","Green","","","adidas CTT track jacket | Green | green | signature 3-Stripes logo | high neck | front button fastening | long sleeves | elasticated trim | Recycled Polyester/Elastane | Lightweight Jackets | Performance Jackets | Activewear | Lightweight Jackets | Jackets | Clothing | Men","https://www.farfetch.com/de/shopping/men/adidas-ctt-track-jacket-item-34015388.aspx","https://cdn-images.farfetch-contents.com/34/01/53/88/34015388_64909427_1000.jpg"
"x Nike x FC Barcelona retro skeleton t-shirt","Travis Scott","tops","","male","481000","RUB","Red","","","Travis Scott x Nike x FC Barcelona retro skeleton t-shirt | Red | burgundy/blue  | emblem detail | v-neck | short sleeves | ribbed trims | Fabric | T-Shirts | T-Shirts & Vests | Clothing | Men","https://www.farfetch.com/de/shopping/men/travis-scott-x-nike-x-fc-barcelona-retro-skeleton-t-shirt-item-34162395.aspx","https://cdn-images.farfetch-contents.com/34/16/23/95/34162395_65165100_1000.jpg"
"long-sleeve jersey","Chrome Hearts","tops","","male","322000","RUB","Black","","","Chrome Hearts long-sleeve jersey | Black | black | long sleeves | lettering print | V-neck | Nylon | T-Shirts | T-Shirts & Vests | Clothing | Men","https://www.farfetch.com/de/shopping/men/chrome-hearts-long-sleeve-jersey-item-31213199.aspx","https://cdn-images.farfetch-contents.com/31/21/31/99/31213199_60475537_1000.jpg"
"Half Arrows Skate short-sleeve T-shirt","Off-White","tops","","male","46000","RUB","Black","","","Off-White Half Arrows Skate short-sleeve T-shirt | Black | black | crew neck | chest logo | back print | cotton | Cotton | T-Shirts | T-Shirts & Vests | Clothing | Men","https://www.farfetch.com/de/shopping/men/off-white-half-arrows-skate-short-sleeve-t-shirt-item-34062316.aspx","https://cdn-images.farfetch-contents.com/34/06/23/16/34062316_64983996_1000.jpg"
"mother-of-pearl trim polo shirt","Moncler","tops","","male","261000","RUB","Black","","","Moncler mother-of-pearl trim polo shirt | Black | black | cotton | classic collar | front button placket | embroidered logo at the chest | short sleeves | straight hem | Cotton | Polo Shirts | Clothing | Men","https://www.farfetch.com/de/shopping/men/moncler-mother-of-pearl-trim-polo-shirt-item-15391498.aspx","https://cdn-images.farfetch-contents.com/15/39/14/98/15391498_28238747_1000.jpg"
"patterned polo shirt","Lacoste","tops","","male","39000","RUB","Neutrals","","","Lacoste patterned polo shirt | Neutrals | beige | contrasting collar | short sleeves | embroidered logo | all-over geometric pattern | button fastening | Polyester/Cotton/Polyamide | Polo Shirts | Clothing | Men","https://www.farfetch.com/de/shopping/men/lacoste-patterned-polo-shirt-item-33442314.aspx","https://cdn-images.farfetch-contents.com/33/44/23/14/33442314_64450434_1000.jpg"
"towlling patterned piped shirt","Casablanca","tops","","male","354000","RUB","Black","","","Casablanca towlling patterned piped shirt | Black | black | contrast piping | front button fastening | short sleeves | jacquard pattern | chest patch pocket | Polyester/Cotton/Nylon/Spandex/Elastane | Shirts | Clothing | Men","https://www.farfetch.com/de/shopping/men/casablanca-towlling-patterned-piped-shirt-item-32966612.aspx","https://cdn-images.farfetch-contents.com/32/96/66/12/32966612_63748978_1000.jpg"
"logo shirt","AMI Paris","tops","","male","116000","RUB","Blue","","","AMI Paris logo shirt | Blue | sky blue | cotton | button-down collar | long sleeves | front button fastening | embroidered logo | curved hem | signature Ami de Coeur monogram motif | When buying this unisex item, keep in mind that it is graded in standard men's sizing. | Cotton | Shirts | Clothing | Men | Shirts | Tops | Clothing | Women","https://www.farfetch.com/de/shopping/men/ami-paris-logo-shirt-item-30946090.aspx","https://cdn-images.farfetch-contents.com/30/94/60/90/30946090_65612950_1000.jpg"
"Fleece Essential sweatpant","FEAR OF GOD ESSENTIALS","tops","","male","84000","RUB","Grey","","","FEAR OF GOD ESSENTIALS Fleece Essential sweatpant | Grey | light brown | elasticated drawstring waistband | two side inset pockets | Cotton/Polyester | Track Pants | Trousers | Clothing | Men","https://www.farfetch.com/de/shopping/men/fear-of-god-essentials-fleece-essential-sweatpant-item-27656830.aspx","https://cdn-images.farfetch-contents.com/27/65/68/30/27656830_57449873_1000.jpg"
"Yacht Club T-shirt","RHUDE","tops","","male","100000","RUB","Neutrals","","","RHUDE Yacht Club T-shirt | Neutrals | white | graphic print | crew neck | short sleeves | Cotton | T-Shirts | T-Shirts & Vests | Clothing | Men","https://www.farfetch.com/de/shopping/men/rhude-yacht-club-t-shirt-item-33227356.aspx","https://cdn-images.farfetch-contents.com/33/22/73/56/33227356_63891205_1000.jpg"
"cable-knit quarter-zip sweater","Polo Ralph Lauren","tops","","male","131000","RUB","Neutrals","","","Polo Ralph Lauren cable-knit quarter-zip sweater | Neutrals | cream | cable-knit design | quarter-zip collar | embroidered Polo Pony logo | ribbed cuffs and hem | Cotton | Jumpers | Sweatshirts & Knitwear | Clothing | Men","https://www.farfetch.com/de/shopping/men/polo-ralph-lauren-cable-knit-quarter-zip-sweater-item-30586138.aspx","https://cdn-images.farfetch-contents.com/30/58/61/38/30586138_59597993_1000.jpg"
"short-sleeve T-shirt","TOM FORD","tops","","male","232000","RUB","White","","","TOM FORD short-sleeve T-shirt | White | white | cotton-blend | short sleeve  | crew neck | straight hem | Cotton/Elastane/RDS Product Name: BLACK ORCHID EDP Division: TF (TOM FORD BEAUTY)  ALCOHOL DENAT. | T-Shirts | T-Shirts & Vests | Clothing | Men","https://www.farfetch.com/de/shopping/men/tom-ford-short-sleeve-t-shirt-item-15643278.aspx","https://cdn-images.farfetch-contents.com/15/64/32/78/15643278_59281811_1000.jpg"
"Flower Court Icon T-shirt","Casablanca","tops","","male","227000","RUB","White","","","Casablanca Flower Court Icon T-shirt | White | white | crew-neck | short-sleeves | Organic Cotton | T-Shirts | T-Shirts & Vests | Clothing | Men","https://www.farfetch.com/de/shopping/men/casablanca-flower-court-icon-t-shirt-item-33759224.aspx","https://cdn-images.farfetch-contents.com/33/75/92/24/33759224_64574216_1000.jpg"
"camouflage-pattern jacket","Free Refills","tops","","male","142000","RUB","Green","","","Free Refills camouflage-pattern jacket | Green | green | camouflage pattern | graphic print | flap pockets | button fastening | zip fastening | long sleeves | Cotton | Hooded Jackets | Jackets | Clothing | Men","https://www.farfetch.com/de/shopping/men/free-refills-camouflage-pattern-jacket-item-34528626.aspx","https://cdn-images.farfetch-contents.com/34/52/86/26/34528626_65640877_1000.jpg"
"stripe-detailed zip-fastening knit taupe polo shirt","Manière De Voir","tops","","male","18000","RUB","Brown","","","Manière De Voir stripe-detailed zip-fastening knit taupe polo shirt | Brown | light brown | fine knit | half front zip fastening | short sleeves | Viscose/Nylon | Polo Shirts | Clothing | Men","https://www.farfetch.com/de/shopping/men/maniere-de-voir-stripe-detailed-zip-fastening-knit-taupe-polo-shirt-item-32698928.aspx","https://cdn-images.farfetch-contents.com/32/69/89/28/32698928_62961039_1000.jpg"
"triangle-logo cotton T-shirt","Prada","tops","","male","363000","RUB","Black","","","Prada triangle-logo cotton T-shirt | Black | black | cotton | jersey texture | triangle logo | crew neck | short sleeves | straight hem | Cotton | T-Shirts | T-Shirts & Vests | Clothing | Men","https://www.farfetch.com/de/shopping/men/prada-triangle-logo-cotton-t-shirt-item-23856869.aspx","https://cdn-images.farfetch-contents.com/23/85/68/69/23856869_53958406_1000.jpg"
"DG Essentials slim-fit jeans","Dolce & Gabbana","tops","","male","356000","RUB","Black","","","Dolce & Gabbana DG Essentials slim-fit jeans | Black | Cotton/Spandex/Elastane | Slim-Fit Jeans | Denim | Clothing | Men","https://www.farfetch.com/de/shopping/men/dolce-gabbana-dg-essentials-slim-fit-jeans-item-19510877.aspx","https://cdn-images.farfetch-contents.com/19/51/08/77/19510877_43520535_1000.jpg"
"zip pocket jacket","Acne Studios","tops","","female","112000","RUB","Neutrals","","","Acne Studios zip pocket jacket | Neutrals | brown | zip fastening | high neck | front pocket | elasticated hem and cuffs | Fabric | Bomber Jackets | Jackets | Clothing | Women","https://www.farfetch.com/de/shopping/women/acne-studios-zip-pocket-jacket-item-32855292.aspx","https://cdn-images.farfetch-contents.com/32/85/52/92/32855292_65548715_1000.jpg"
"balloon-sleeve playsuit","ROTATE BIRGER CHRISTENSEN","tops","","female","56000","RUB","Yellow","","","ROTATE BIRGER CHRISTENSEN balloon-sleeve playsuit | Yellow | yellow | belt detail | balloon sleeves | satin finish | Recycled Polyester/Polyester/Viscose | Playsuits | Jumpsuits | Clothing | Women","https://www.farfetch.com/de/shopping/women/rotate-birger-christensen-balloon-sleeve-playsuit-item-33905438.aspx","https://cdn-images.farfetch-contents.com/33/90/54/38/33905438_64753821_1000.jpg"
"Linear Heritage full-zip hoodie","New Balance","tops","","female","41000","RUB","Blue","","","New Balance Linear Heritage full-zip hoodie | Blue | blue | logo detail | front zip fastening | hooded | ribbed hem | ribbed cuffs | Cotton/Recycled Polyester | Hoodies | Tops | Clothing | Women","https://www.farfetch.com/de/shopping/women/new-balance-linear-heritage-hoodie-mit-reiverschluss-item-32528250.aspx","https://cdn-images.farfetch-contents.com/32/52/82/50/32528250_62794624_1000.jpg"
"CTT 3.1 Chinese high-neck jacket","adidas","tops","","female","19000","RUB","Grey","","","adidas CTT 3.1 Chinese high-neck jacket | Grey | grey | high neck | front toggle fastening | three-stripe detailing to the sleeves | ribbed hem | ribbed cuffs | Fabric | Bomber Jackets | Jackets | Clothing | Men | Bomber Jackets | Jackets | Clothing | Women","https://www.farfetch.com/de/shopping/women/adidas-ctt-31-chinese-high-neck-jacket-item-33792599.aspx","https://cdn-images.farfetch-contents.com/33/79/25/99/33792599_64695140_1000.jpg"
"floral-print ruffled midi dress","Self-Portrait","tops","","female","141000","RUB","Yellow","","","Self-Portrait floral-print ruffled midi dress | Yellow | yellow | floral print | V-neck | ruffled detailing | A-line | Cotton | Day Dresses | Dresses | Clothing | Women","https://www.farfetch.com/de/shopping/women/self-portrait-floral-print-ruffled-midi-dress-item-32625918.aspx","https://cdn-images.farfetch-contents.com/32/62/59/18/32625918_66339451_1000.jpg"
"floral-appliqué mini dress","Cult Gaia","tops","","female","65000","RUB","White","","","Cult Gaia floral-appliqué mini dress | White | white | floral appliqué | adjustable shoulder straps | V-neck | Viscose/Nylon | Cocktail & Party Dresses | Dresses | Clothing | Women","https://www.farfetch.com/de/shopping/women/cult-gaia-floral-applique-mini-dress-item-33292915.aspx","https://cdn-images.farfetch-contents.com/33/29/29/15/33292915_66384761_1000.jpg"
"no-lapels single-breasted blazer","TOTEME","tops","","female","462000","RUB","Neutrals","","","TOTEME no-lapels single-breasted blazer | Neutrals | cream white | jersey texture | no lapels | shoulder pads | long sleeves | buttoned cuffs | two front flap pockets | stitched pockets | English rear vents | satin lining | front button fastening | Viscose/Polyester/Viscose | Blazers | Jackets | Clothing | Women","https://www.farfetch.com/de/shopping/women/toteme-sakko-ohne-revers-item-22440228.aspx","https://cdn-images.farfetch-contents.com/22/44/02/28/22440228_52448226_1000.jpg"
"Helena asymmetric gown dress","ARCINA ORI","tops","","female","120000","RUB","White","","","ARCINA ORI Helena asymmetric gown dress | White | ivory | asymmetric design | open back | draped detailing | spaghetti strap | Viscose | Bridal Dresses | Dresses | Clothing | Women","https://www.farfetch.com/de/shopping/women/arcina-ori-helena-asymmetric-gown-dress-item-32261384.aspx","https://cdn-images.farfetch-contents.com/32/26/13/84/32261384_62853750_1000.jpg"
"embellished knitted maxi dress","SANDRO","tops","","female","137000","RUB","Blue","","","SANDRO embellished knitted maxi dress | Blue | navy blue | rhinestones embellished | round neck | short  sleeves | button fastening | decorative welt pockets | Viscose/Polyamide/Polyester/Metallic Fibre/Elastane | Day Dresses | Dresses | Clothing | Women","https://www.farfetch.com/de/shopping/women/sandro-embellished-knitted-maxi-dress-item-32550984.aspx","https://cdn-images.farfetch-contents.com/32/55/09/84/32550984_63089691_1000.jpg"
"Solange tacked-sleeve corset jacket","Manière De Voir","tops","","female","24000","RUB","Black","","","Manière De Voir Solange tacked-sleeve corset jacket | Black | black | vegan leather | corset detailing | high neck | tacked sleeve detailing | adjustable buckle back fastening | Polyester/Polyurethane | Fitted Jackets | Jackets | Clothing | Women","https://www.farfetch.com/de/shopping/women/maniere-de-voir-solange-tacked-sleeve-corset-jacket-item-30918678.aspx","https://cdn-images.farfetch-contents.com/30/91/86/78/30918678_65571611_1000.jpg"
"Evan cut-out long-sleeve top","Marcella","tops","","female","62000","RUB","Black","","","Marcella Evan cut-out long-sleeve top | Black | black | one-shoulder cutout | long sleeves | TENCEL™/Elastane | Blouses | Tops | Clothing | Women","https://www.farfetch.com/de/shopping/women/marcella-evan-langarmshirt-mit-cut-out-item-32954266.aspx","https://cdn-images.farfetch-contents.com/32/95/42/66/32954266_63269419_1000.jpg"
"Joana long-sleeve top","Marcella","tops","","female","56000","RUB","Black","","","Marcella Joana long-sleeve top | Black | black | mesh detail | long sleeves | high neck | Viscose/Polyamide/Lycra | T-shirts & Jerseys | Tops | Clothing | Women","https://www.farfetch.com/de/shopping/women/marcella-joana-long-sleeve-top-item-32953514.aspx","https://cdn-images.farfetch-contents.com/32/95/35/14/32953514_63271685_1000.jpg"
"crinkled-effect trousers","TOTEME","tops","","female","518000","RUB","Black","","","TOTEME crinkled-effect trousers | Black | black | crinkled effect | welt pockets | belt loops | hook and zip fastening | Cotton/Metal | Straight Trousers | Trousers | Clothing | Women","https://www.farfetch.com/de/shopping/women/toteme-crinkled-effect-trousers-item-35214183.aspx","https://cdn-images.farfetch-contents.com/35/21/41/83/35214183_66697841_1000.jpg"
"Ami de Coeur T-shirt","AMI Paris","tops","","female","103000","RUB","White","","","AMI Paris Ami de Coeur T-shirt | White | white | organic cotton | signature Ami de Coeur monogram motif | crew neck | short sleeves | straight hem | Fits true to size. Take your normal size. | When buying this unisex item, keep in mind that it is graded in standard men's sizing. | Organic Cotton | T-Shirts | T-Shirts & Vests | Clothing | Men | T-shirts & Jerseys | Tops | Clothing | Women","https://www.farfetch.com/de/shopping/women/ami-paris-ami-de-coeur-t-shirt-item-23974246.aspx","https://cdn-images.farfetch-contents.com/23/97/42/46/23974246_65612679_1000.jpg"
"logo-print detail T-shirt","Jil Sander","tops","","female","328000","RUB","White","","","Jil Sander logo-print detail T-shirt | White | cloud white | cotton | logo print to the front | round neck | short sleeves | straight hem | Cotton | T-shirts & Jerseys | Tops | Clothing | Women","https://www.farfetch.com/de/shopping/women/jil-sander-logo-print-detail-t-shirt-item-19365488.aspx","https://cdn-images.farfetch-contents.com/19/36/54/88/19365488_43299961_1000.jpg"
"jersey crew-neck T-shirt","FEAR OF GOD ESSENTIALS","tops","","female","65000","RUB","Black","","","FEAR OF GOD ESSENTIALS jersey crew-neck T-shirt | Black | black | logo print embellishment | rubberised logo detail | drop shoulder | When buying this unisex item, keep in mind that it is graded in standard men's sizing. | Cotton | T-Shirts | T-Shirts & Vests | Clothing | Men | T-shirts & Jerseys | Tops | Clothing | Women","https://www.farfetch.com/de/shopping/women/fear-of-god-essentials-jersey-crew-neck-t-shirt-item-27482843.aspx","https://cdn-images.farfetch-contents.com/27/48/28/43/27482843_57262181_1000.jpg"
"Ezra poplin shirt","Marcella","tops","","female","104000","RUB","White","","","Marcella Ezra poplin shirt | White | white | asymmetric hem | panelled design | button fastening | Cotton | Shirts | Tops | Clothing | Women","https://www.farfetch.com/de/shopping/women/marcella-ezra-popeline-hemd-item-32953570.aspx","https://cdn-images.farfetch-contents.com/32/95/35/70/32953570_63329320_1000.jpg"
"crew-neck sweater","AMI Paris","tops","","female","70000","RUB","Blue","","","AMI Paris crew-neck sweater | Blue | ink blue | intarsia knitted | heart motif | crew neck | ribbed hem | Wool/Cotton | Jumpers | Sweatshirts & Knitwear | Clothing | Men | Jumpers | Knitwear | Clothing | Women","https://www.farfetch.com/de/shopping/women/ami-paris-crew-neck-sweater-item-33116323.aspx","https://cdn-images.farfetch-contents.com/33/11/63/23/33116323_63529933_1000.jpg"
"cotton mid-rise jeans","Alexander Wang","tops","","female","142000","RUB","Blue","","","Alexander Wang cotton mid-rise jeans | Blue | blue | logo patch  | belt loops | concealed button fly | Cotton/Polyester/Elastane/Polyamide | Wide-Leg Jeans | Denim | Clothing | Women","https://www.farfetch.com/de/shopping/women/alexander-wang-cotton-mid-rise-jeans-item-31137925.aspx","https://cdn-images.farfetch-contents.com/31/13/79/25/31137925_65723625_1000.jpg"
"suede jacket","ROTATE BIRGER CHRISTENSEN","tops","","female","116000","RUB","Brown","","","ROTATE BIRGER CHRISTENSEN suede jacket | Brown | brown | button fastening | tie fastening | suede | long sleeves | Calf Suede/Polyester | Bomber Jackets | Leather Jackets | Jackets | Clothing | Women","https://www.farfetch.com/de/shopping/women/rotate-birger-christensen-suede-jacket-item-33905464.aspx","https://cdn-images.farfetch-contents.com/33/90/54/64/33905464_64756337_1000.jpg"
"button-down maxi skirt","Nanushka","tops","","female","161000","RUB","Neutrals","","","Nanushka button-down maxi skirt | Neutrals | hazy sunrise | button fastening | all-over print | maxi length | Polyester | Fitted Skirts | Skirts | Clothing | Women","https://www.farfetch.com/de/shopping/women/nanushka-geknopfter-maxirock-item-32909904.aspx","https://cdn-images.farfetch-contents.com/32/90/99/04/32909904_64259600_1000.jpg"
"Cabrini gathered mesh top","Marcella","tops","","female","138000","RUB","Black","","","Marcella Cabrini gathered mesh top | Black | black | mesh panel | raw edges | sleeveless | Polyester/Viscose/Polyamide/Spandex/Elastane | Vests & Tank Tops | Tops | Clothing | Women","https://www.farfetch.com/de/shopping/women/marcella-cabrini-gathered-mesh-top-item-32953543.aspx","https://cdn-images.farfetch-contents.com/32/95/35/43/32953543_63272813_1000.jpg"
"midi buttoned knitted dress","SANDRO","tops","","female","86000","RUB","Blue","","","SANDRO midi buttoned knitted dress | Blue | blue | ribbed knit | button fastening | short sleeves | round neck | fitted top and flared skirt | Viscose/Polyamide/Spandex/Elastane | Day Dresses | Dresses | Clothing | Women","https://www.farfetch.com/de/shopping/women/sandro-midi-buttoned-knitted-dress-item-32553074.aspx","https://cdn-images.farfetch-contents.com/32/55/30/74/32553074_63866292_1000.jpg"
"crochet day dress","Maje","tops","","female","139000","RUB","Blue","","","Maje crochet day dress | Blue | blue | sleeveless | square neck | crochet detail | knitted construction | scalloped hem | Polyester | Day Dresses | Dresses | Clothing | Women","https://www.farfetch.com/de/shopping/women/maje-crochet-day-dress-item-32632979.aspx","https://cdn-images.farfetch-contents.com/32/63/29/79/32632979_66267466_1000.jpg"
"Quinn puff-sleeves midi dress","DÔEN","tops","","female","135000","RUB","Yellow","","","DÔEN Quinn puff-sleeves midi dress | Yellow | yellow | bow detail | puff sleeves | Organic Cotton | Day Dresses | Dresses | Clothing | Women","https://www.farfetch.com/de/shopping/women/doen-quinn-puff-sleeves-midi-dress-item-33602547.aspx","https://cdn-images.farfetch-contents.com/33/60/25/47/33602547_66610855_1000.jpg"
"Loch blouse","Simon Miller","tops","","female","98000","RUB","White","","","Simon Miller Loch blouse | White | white | cotton blend | poplin texture | gathered detailing | cut-out detailing | spread collar | front button fastening | rear tie fastening | short rolled sleeves | high-low hem | Cotton/Nylon/Spandex/Elastane | Blouses | Tops | Clothing | Women","https://www.farfetch.com/de/shopping/women/simon-miller-loch-blouse-item-24366602.aspx","https://cdn-images.farfetch-contents.com/24/36/66/02/24366602_54343773_1000.jpg"
"belted leather jacket","Balmain","tops","","female","316000","RUB","Black","","","Balmain belted leather jacket | Black | black | long sleeves | two appliqué patch pockets with buttoned flap | press-stud fastening | detachable belt | two patch pockets with buttoned flap on the front | Tailored fit, defined waist | Lambskin/Viscose/Cotton | Leather Jackets | Jackets | Clothing | Women","https://www.farfetch.com/de/shopping/women/balmain-belted-leather-jacket-item-29822964.aspx","https://cdn-images.farfetch-contents.com/29/82/29/64/29822964_58933717_1000.jpg"
"lace-trim V-neck top","Bimba y Lola","tops","","female","63000","RUB","Brown","","","Bimba y Lola lace-trim V-neck top | Brown | light brown | lace trim | spaghetti straps | V-neck | Lyocell/Viscose | Vests & Tank Tops | Tops | Clothing | Women","https://www.farfetch.com/de/shopping/women/bimba-y-lola-lace-trim-v-neck-top-item-34168718.aspx","https://cdn-images.farfetch-contents.com/34/16/87/18/34168718_65183559_1000.jpg"
"logo-detail jacket","adidas","tops","","female","22000","RUB","Yellow","","","adidas logo-detail jacket | Yellow | yellow | three-stripe design | stand-up collar | zip fastening | ribbed hem and cuffs | Recycled Polyester/Elastane | Oversized Jackets | Jackets | Clothing | Women","https://www.farfetch.com/de/shopping/women/adidas-logo-detail-jacket-item-34518233.aspx","https://cdn-images.farfetch-contents.com/34/51/82/33/34518233_65689488_1000.jpg"
"floral-print silk maxi dress","La DoubleJ","tops","","female","107000","RUB","Yellow","","","La DoubleJ floral-print silk maxi dress | Yellow | light blue/yellow | silk | twill weave | floral print | round neck | rear zip fastening | short sleeves | flared design | ankle-length | straight hem | Silk | Day Dresses | Dresses | Clothing | Women","https://www.farfetch.com/de/shopping/women/la-doublej-floral-print-silk-maxi-dress-item-23690705.aspx","https://cdn-images.farfetch-contents.com/23/69/07/05/23690705_53963764_1000.jpg"
"Henrietta floral belted midi dress","alice + olivia","tops","","female","86000","RUB","Black","","","alice + olivia Henrietta floral belted midi dress | Black | black | floral print | belted waist | short sleeves | flared hem | Cotton/Spandex/Elastane | Day Dresses | Dresses | Clothing | Women","https://www.farfetch.com/de/shopping/women/alice-olivia-henrietta-floral-belted-midi-dress-item-33909138.aspx","https://cdn-images.farfetch-contents.com/33/90/91/38/33909138_65517033_1000.jpg"
"Vinicia gown dress","Retrofete","tops","","female","163000","RUB","Blue","","","Retrofete Vinicia gown dress | Blue | blue | draped neckline | sleeveless | open back | Acetate/Polyester | Evening Dresses | Dresses | Clothing | Women","https://www.farfetch.com/de/shopping/women/retrofete-vinicia-gown-dress-item-32016825.aspx","https://cdn-images.farfetch-contents.com/32/01/68/25/32016825_64778555_1000.jpg"
" Nyssa Cloth dress","HAMZA","tops","","female","142000","RUB","White","","","HAMZA  Nyssa Cloth dress | White | off-white | long sleeves | zip fastening | flared hem | gathered detail | fitted waist | Fabric | Cocktail & Party Dresses | Dresses | Clothing | Women","https://www.farfetch.com/de/shopping/women/hamza-nyssa-cloth-dress-item-34155332.aspx","https://cdn-images.farfetch-contents.com/34/15/53/32/34155332_65151773_1000.jpg"
"Louise wide-shoulder satin bodysuit","Manière De Voir","tops","","female","29000","RUB","Black","","","Manière De Voir Louise wide-shoulder satin bodysuit | Black | black | satin finish |  | Polyester/Elastane | Bodies | Lingerie & Nightwear | Blouses | Tops | Clothing | Women","https://www.farfetch.com/de/shopping/women/maniere-de-voir-louise-wide-shoulder-satin-bodysuit-item-30919330.aspx","https://cdn-images.farfetch-contents.com/30/91/93/30/30919330_65569998_1000.jpg"
"Maira dress","FARM Rio","tops","","female","101000","RUB","Blue","","","FARM Rio Maira dress | Blue | blue | floral print | V-neck | short sleeves | Cotton/Viscose | Day Dresses | Dresses | Clothing | Women","https://www.farfetch.com/de/shopping/women/farm-rio-maira-dress-item-34458277.aspx","https://cdn-images.farfetch-contents.com/34/45/82/77/34458277_65583817_1000.jpg"
"pointelle peplum knit dress","Self-Portrait","tops","","female","128000","RUB","Pink","","","Self-Portrait pointelle peplum knit dress | Pink | pink | pointelle knit | peplum waist | button fastening | collar | Viscose/Polyamide/Polyester | Cocktail & Party Dresses | Evening Dresses | Day Dresses | Dresses | Clothing | Women","https://www.farfetch.com/de/shopping/women/self-portrait-pointelle-peplum-knit-dress-item-32873021.aspx","https://cdn-images.farfetch-contents.com/32/87/30/21/32873021_65525190_1000.jpg"
"Maxima puffed sleeve mini dress","Aje","tops","","female","59000","RUB","White","","","Aje Maxima puffed sleeve mini dress | White | white | textured finish | drawstring fastening | puffed sleeves | gathered detail | mini length | Linen/Flax/Viscose/Polyester | Evening Dresses | Dresses | Clothing | Women","https://www.farfetch.com/de/shopping/women/aje-maxima-puffed-sleeve-mini-dress-item-33288063.aspx","https://cdn-images.farfetch-contents.com/33/28/80/63/33288063_66607241_1000.jpg"
"floral-appliqué mini dress","Cult Gaia","tops","","female","103000","RUB","White","","","Cult Gaia floral-appliqué mini dress | White | white | floral appliqué | adjustable shoulder straps | V-neck | Viscose/Nylon | Cocktail & Party Dresses | Dresses | Clothing | Women","https://www.farfetch.com/de/shopping/women/cult-gaia-floral-applique-mini-dress-item-33292915.aspx","https://cdn-images.farfetch-contents.com/33/29/29/15/33292915_66384761_1000.jpg"
"Cleio layered mini dress","Aje","tops","","female","53000","RUB","Pink","","","Aje Cleio layered mini dress | Pink | coral | ruffle trim | layered | thin straps | sleeveless | zip fastening | Polyester | Cocktail & Party Dresses | Day Dresses | Dresses | Clothing | Women","https://www.farfetch.com/de/shopping/women/aje-cleio-layered-mini-dress-item-33287629.aspx","https://cdn-images.farfetch-contents.com/33/28/76/29/33287629_66611757_1000.jpg"
"crew neck short-sleeve dress","JNBY","tops","","female","125000","RUB","Grey","","","JNBY crew neck short-sleeve dress | Grey | light grey | two side inset pockets | Cotton | Day Dresses | Dresses | Clothing | Women","https://www.farfetch.com/de/shopping/women/jnby-kurzarmeliges-kleid-mit-rundhalsausschnitt-item-34089254.aspx","https://cdn-images.farfetch-contents.com/34/08/92/54/34089254_65543899_1000.jpg"
"floral-print ruffled midi dress","Self-Portrait","tops","","female","147000","RUB","Yellow","","","Self-Portrait floral-print ruffled midi dress | Yellow | yellow | floral print | V-neck | ruffled detailing | A-line | Cotton | Day Dresses | Dresses | Clothing | Women","https://www.farfetch.com/de/shopping/women/self-portrait-floral-print-ruffled-midi-dress-item-32625918.aspx","https://cdn-images.farfetch-contents.com/32/62/59/18/32625918_66339451_1000.jpg"
"Helena asymmetric gown dress","ARCINA ORI","tops","","female","113000","RUB","White","","","ARCINA ORI Helena asymmetric gown dress | White | ivory | asymmetric design | open back | draped detailing | spaghetti strap | Viscose | Bridal Dresses | Dresses | Clothing | Women","https://www.farfetch.com/de/shopping/women/arcina-ori-helena-asymmetric-gown-dress-item-32261384.aspx","https://cdn-images.farfetch-contents.com/32/26/13/84/32261384_62853750_1000.jpg"
"embellished knitted maxi dress","SANDRO","tops","","female","61000","RUB","Blue","","","SANDRO embellished knitted maxi dress | Blue | navy blue | rhinestones embellished | round neck | short  sleeves | button fastening | decorative welt pockets | Viscose/Polyamide/Polyester/Metallic Fibre/Elastane | Day Dresses | Dresses | Clothing | Women","https://www.farfetch.com/de/shopping/women/sandro-embellished-knitted-maxi-dress-item-32550984.aspx","https://cdn-images.farfetch-contents.com/32/55/09/84/32550984_63089691_1000.jpg"
"semi-sheer lace minidress","Dolce & Gabbana","tops","","female","288000","RUB","Black","","","Dolce & Gabbana semi-sheer lace minidress | Black | black | semi-sheer construction | lace detailing | round neck | long sleeves | straight hem | thigh-length | concealed rear hook and zip fastening | Cotton/Viscose/Polyamide/Elastane | Cocktail & Party Dresses | Dresses | Clothing | Women","https://www.farfetch.com/de/shopping/women/dolce-gabbana-semi-transparentes-spitzenkleid-item-22054506.aspx","https://cdn-images.farfetch-contents.com/22/05/45/06/22054506_52395937_1000.jpg"
"Blossom dress","Ana Radu","tops","","female","125000","RUB","Yellow","","","Ana Radu Blossom dress | Yellow | yellow | one-shoulder style | flower detail | side slit | Fabric | Evening Dresses | Dresses | Clothing | Women","https://www.farfetch.com/de/shopping/women/ana-radu-blossom-dress-item-34269964.aspx","https://cdn-images.farfetch-contents.com/34/26/99/64/34269964_65308591_1000.jpg"
"Iolanda strapless-pleated maxi dress","Iris Serban","tops","","female","99000","RUB","Neutrals","","","Iris Serban Iolanda strapless-pleated maxi dress | Neutrals | metallic grey | strapless | pleated | train | sweetheart neck | Fabric | Evening Dresses | Dresses | Clothing | Women","https://www.farfetch.com/de/shopping/women/iris-serban-iolanda-strapless-pleated-maxi-dress-item-32689163.aspx","https://cdn-images.farfetch-contents.com/32/68/91/63/32689163_62936580_1000.jpg"
"Rebellion button floral mini dress","ZIMMERMANN","tops","","female","515000","RUB","Blue","","","ZIMMERMANN Rebellion button floral mini dress | Blue | light blue | floral print | rouleau buttons on the front | raised collar | removable scarf belt | flared skirt | back zip closure | Linen/Flax/Polyester/Silk | Day Dresses | Dresses | Clothing | Women","https://www.farfetch.com/de/shopping/women/zimmermann-rebellion-button-floral-mini-dress-item-32842080.aspx","https://cdn-images.farfetch-contents.com/32/84/20/80/32842080_65467647_1000.jpg"
"long-sleeve lace midi dress","Dolce & Gabbana","tops","","female","435000","RUB","Pink","","","Dolce & Gabbana long-sleeve lace midi dress | Pink | mallow | lace detail | round neck | long sleeves | mid-length | scalloped hem | Cotton/Viscose/Polyamide/Silk/Elastane | Cocktail & Party Dresses | Dresses | Clothing | Women","https://www.farfetch.com/de/shopping/women/dolce-gabbana-langarmeliges-spitzenkleid-item-32464689.aspx","https://cdn-images.farfetch-contents.com/32/46/46/89/32464689_62883937_1000.jpg"
"Quinn puff-sleeves midi dress","DÔEN","tops","","female","146000","RUB","Yellow","","","DÔEN Quinn puff-sleeves midi dress | Yellow | yellow | bow detail | puff sleeves | Organic Cotton | Day Dresses | Dresses | Clothing | Women","https://www.farfetch.com/de/shopping/women/doen-quinn-puff-sleeves-midi-dress-item-33602547.aspx","https://cdn-images.farfetch-contents.com/33/60/25/47/33602547_66610855_1000.jpg"
"pleated chiffon maxi dress","Dolce & Gabbana","tops","","female","509000","RUB","Orange","","","Dolce & Gabbana pleated chiffon maxi dress | Orange | bright orange | tonal design | spaghetti straps | sweetheart neck | gathered detailing | rear zip fastening | Polyester | Day Dresses | Dresses | Clothing | Women","https://www.farfetch.com/de/shopping/women/dolce-gabbana-plissiertes-maxikleid-aus-chiffon-item-16972140.aspx","https://cdn-images.farfetch-contents.com/16/97/21/40/16972140_34992712_1000.jpg"
"pleated floral-print dress","Roberto Cavalli","tops","","female","414000","RUB","Neutrals","","","Roberto Cavalli pleated floral-print dress | Neutrals | off-white | pleated fabric | floral print | pheasant print | cut-out detail | criss-cross halter neck | Silk | Evening Dresses | Dresses | Clothing | Women","https://www.farfetch.com/de/shopping/women/roberto-cavalli-pleated-floral-print-dress-item-30634055.aspx","https://cdn-images.farfetch-contents.com/30/63/40/55/30634055_59963814_1000.jpg"
" Susies corset-detail maxi dress","Maria Lucia Hohan","tops","","female","253000","RUB","Brown","","","Maria Lucia Hohan  Susies corset-detail maxi dress | Brown | chocolate | off-shoulder | corset bodice | front slit | lace-up back | tassel detail | Silk | Evening Dresses | Dresses | Clothing | Women","https://www.farfetch.com/de/shopping/women/maria-lucia-hohan-susies-corset-detail-maxi-dress-item-33344436.aspx","https://cdn-images.farfetch-contents.com/33/34/44/36/33344436_65530059_1000.jpg"
"floral-print silk maxi dress","La DoubleJ","tops","","female","112000","RUB","Yellow","","","La DoubleJ floral-print silk maxi dress | Yellow | light blue/yellow | silk | twill weave | floral print | round neck | rear zip fastening | short sleeves | flared design | ankle-length | straight hem | Silk | Day Dresses | Dresses | Clothing | Women","https://www.farfetch.com/de/shopping/women/la-doublej-floral-print-silk-maxi-dress-item-23690705.aspx","https://cdn-images.farfetch-contents.com/23/69/07/05/23690705_53963764_1000.jpg"
"floral-print mini dress","Stella McCartney","tops","","female","80000","RUB","White","","","Stella McCartney floral-print mini dress | White | white  | floral print | sleeveless | back zip fastening | Cotton | Day Dresses | Dresses | Clothing | Women","https://www.farfetch.com/de/shopping/women/stella-mccartney-minikleid-mit-blumen-print-item-34315191.aspx","https://cdn-images.farfetch-contents.com/34/31/51/91/34315191_65520983_1000.jpg"
"off-shoulder draped-detail gown","Amsale","tops","","female","27000","RUB","Blue","","","Amsale off-shoulder draped-detail gown | Blue | midnight blue | satin finish | draped design | off-shoulder | short sleeves | extra-long length | straight hem | Polyester | Evening Dresses | Dresses | Clothing | Women","https://www.farfetch.com/de/shopping/women/amsale-off-shoulder-draped-detail-gown-item-21794007.aspx","https://cdn-images.farfetch-contents.com/21/79/40/07/21794007_51756215_1000.jpg"
"glittery plissé-effect gown","NISSA","tops","","female","112000","RUB","Gold","","","NISSA glittery plissé-effect gown | Gold | gold-tone | metallic threading | glitter detailing | mini gold-tone logo plaque | plunging V-neck | panelled bodice | sleeveless | rear criss-cross straps | open back | fitted waistline | flared plissé skirt | side slit | straight hem | floor-length | Polyamide/Viscose/Elastane/Polyamide/Metallic Fibre | Evening Dresses | Dresses | Clothing | Women","https://www.farfetch.com/de/shopping/women/nissa-glittery-plisse-effect-gown-item-23622262.aspx","https://cdn-images.farfetch-contents.com/23/62/22/62/23622262_53561851_1000.jpg"
"off-shoulder gown","Ana Radu","tops","","female","154000","RUB","Blue","","","Ana Radu off-shoulder gown | Blue | blue | off-shoulder neckline | flared skirt | concealed zip fastening | pleated detailing | floor-length | Polyester | Evening Dresses | Dresses | Clothing | Women","https://www.farfetch.com/de/shopping/women/ana-radu-off-shoulder-gown-item-33053630.aspx","https://cdn-images.farfetch-contents.com/33/05/36/30/33053630_63434432_1000.jpg"
"sleeveless tulle midi dress","Dolce & Gabbana","tops","","female","478000","RUB","Black","","","Dolce & Gabbana sleeveless tulle midi dress | Black | black | sweetheart neck | panelled bodice | lace panelling | fitted waistline | thigh-length | Rayon/Nylon | Evening Dresses | Dresses | Clothing | Women","https://www.farfetch.com/de/shopping/women/dolce-gabbana-armelloses-midikleid-aus-tull-item-16658661.aspx","https://cdn-images.farfetch-contents.com/16/65/86/61/16658661_35304269_1000.jpg"
"Rebellion button floral-print midi dress","ZIMMERMANN","tops","","female","384000","RUB","Neutrals","","","ZIMMERMANN Rebellion button floral-print midi dress | Neutrals | ivory | stand collar | floral print | full flare skirt | long sleeves | invisible centre back zip closure | Linen/Flax/Silk/Polyester | Day Dresses | Dresses | Clothing | Women","https://www.farfetch.com/de/shopping/women/zimmermann-rebellion-button-floral-print-midi-dress-item-32728221.aspx","https://cdn-images.farfetch-contents.com/32/72/82/21/32728221_63115070_1000.jpg"
"Alessandra strapless maxi dress","Maria Lucia Hohan","tops","","female","365000","RUB","Pink","","","Maria Lucia Hohan Alessandra strapless maxi dress | Pink | gold-tone | strapless | rear lace-up fastening | concealed zip fastening | ring detail | front slit | pleated design | Silk | Evening Dresses | Dresses | Clothing | Women","https://www.farfetch.com/de/shopping/women/maria-lucia-hohan-alessandra-strapless-maxi-dress-item-32396006.aspx","https://cdn-images.farfetch-contents.com/32/39/60/06/32396006_62740330_1000.jpg"
"Kamala sequin mini dress","Retrofete","tops","","female","101000","RUB","Pink","","","Retrofete Kamala sequin mini dress | Pink | lavender | floral appliqués | sequin embellishment | V-neck | criss-cross straps | scalloped trim | Polyester | Cocktail & Party Dresses | Dresses | Clothing | Women","https://www.farfetch.com/de/shopping/women/retrofete-kamala-sequin-mini-dress-item-32016824.aspx","https://cdn-images.farfetch-contents.com/32/01/68/24/32016824_64907285_1000.jpg"
"Pandorea layered floral mini dress","Aje","tops","","female","80000","RUB","White","","","Aje Pandorea layered floral mini dress | White | blue/white | floral print | layered | ruffle detail | thin straps | Polyester/Cotton/Polyester | Evening Dresses | Dresses | Clothing | Women","https://www.farfetch.com/de/shopping/women/aje-pandorea-layered-floral-mini-dress-item-33287634.aspx","https://cdn-images.farfetch-contents.com/33/28/76/34/33287634_66604796_1000.jpg"
"strapless draped gown","Ermanno Scervino","tops","","female","440000","RUB","Pink","","","Ermanno Scervino strapless draped gown | Pink | tan pink | side zip fastening | strapless | Silk | Cocktail & Party Dresses | Evening Dresses | Dresses | Clothing | Women","https://www.farfetch.com/de/shopping/women/ermanno-scervino-strapless-draped-gown-item-27520796.aspx","https://cdn-images.farfetch-contents.com/27/52/07/96/27520796_57429173_1000.jpg"
"floral-print belted shirt dress","Self-Portrait","tops","","female","171000","RUB","Yellow","","","Self-Portrait floral-print belted shirt dress | Yellow | yellow | all-over floral print | front button fastening | belted waist | short sleeves | spread collar | Cotton/Linen/Flax/Polyester | Day Dresses | Dresses | Clothing | Women","https://www.farfetch.com/de/shopping/women/self-portrait-floral-print-belted-shirt-dress-item-32625299.aspx","https://cdn-images.farfetch-contents.com/32/62/52/99/32625299_66339456_1000.jpg"
"Orchidee and Soleil-print silk dress with cape","PUCCI","tops","","female","226000","RUB","Blue","","","PUCCI Orchidee and Soleil-print silk dress with cape | Blue | A dress with a strong visual impact that plays with volume and movement. Made from silk twill, it features a cape/shawl that delicately envelops the shoulders and flowing, angled sleeves, creating a dynamic and airy silhouette. The Orchidee and Soleil print, in pale blue, run across the garment with a light and refined luminosity, emphasizing the feeling of continuity and lightness. | pale blue | 100% silk | cape on the shoulders | flowing, angled sleeves | made in Italy | To offer you a unique Pucci garment, we use an all-over print that makes the product unrepeatable. Therefore, the pattern print may vary from the one displayed in the photo. | Silk | Day Dresses | Dresses | Clothing | Women","https://www.farfetch.com/de/shopping/women/pucci-orchidee-and-soleil-print-silk-dress-with-cape-item-34727724.aspx","https://cdn-images.farfetch-contents.com/34/72/77/24/34727724_65926946_1000.jpg"
"corset maxi dress","Ana Radu","tops","","female","57000","RUB","Neutrals","","","Ana Radu corset maxi dress | Neutrals | beige | strapless | corset detail | ruched detail | Polyester | Evening Dresses | Dresses | Clothing | Women","https://www.farfetch.com/de/shopping/women/ana-radu-corset-maxi-dress-item-32428314.aspx","https://cdn-images.farfetch-contents.com/32/42/83/14/32428314_62447534_1000.jpg"
"lace-panelled midi dress","The Attico","tops","","female","236000","RUB","Brown","","","The Attico lace-panelled midi dress | Brown | brown | panelled design | scalloped trim | adjustable straps | Polyamide/Elastane/Polyamide/Elastane | Cocktail & Party Dresses | Dresses | Clothing | Women","https://www.farfetch.com/de/shopping/women/the-attico-lace-panelled-midi-dress-item-34438326.aspx","https://cdn-images.farfetch-contents.com/34/43/83/26/34438326_65893890_1000.jpg"
"lace-trim corset gown","NISSA","tops","","female","84000","RUB","Black","","","NISSA lace-trim corset gown | Black | black | chiffon skirt | lace trim | sequin embellishments | Polyamide/Elastane | Evening Dresses | Dresses | Clothing | Women","https://www.farfetch.com/de/shopping/women/nissa-lace-trim-corset-gown-item-33093970.aspx","https://cdn-images.farfetch-contents.com/33/09/39/70/33093970_63571087_1000.jpg"
"Karol cocktail dress","HAMZA","tops","","female","85000","RUB","Black","","","HAMZA Karol cocktail dress | Black | black | lace detail | hooded | long sleeves | V-neck | fitted waist | Fabric | Cocktail & Party Dresses | Dresses | Clothing | Women","https://www.farfetch.com/de/shopping/women/hamza-karol-cocktail-dress-item-34155327.aspx","https://cdn-images.farfetch-contents.com/34/15/53/27/34155327_65134567_1000.jpg"
"Nicole pleated black mini tailored blazer dress","Manière De Voir","tops","","female","39000","RUB","Black","","","Manière De Voir Nicole pleated black mini tailored blazer dress | Black | black | blazer style | pleated skirt | gold-tone buttons | long sleeves | Polyester/Wool/Rayon/Elastane | Cocktail & Party Dresses | Dresses | Clothing | Women","https://www.farfetch.com/de/shopping/women/maniere-de-voir-nicole-pleated-black-mini-tailored-blazer-dress-item-32280847.aspx","https://cdn-images.farfetch-contents.com/32/28/08/47/32280847_64190464_1000.jpg"
"V-neck long-sleeve maxi dress","Elisabetta Franchi","tops","","female","61000","RUB","Black","","","Elisabetta Franchi V-neck long-sleeve maxi dress | Black | black | gold-tone hardware | long sleeves | V-neck | draped detailing | floor-length | Cupro/Elastane | Evening Dresses | Dresses | Clothing | Women","https://www.farfetch.com/de/shopping/women/elisabetta-franchi-v-neck-long-sleeve-maxi-dress-item-33390344.aspx","https://cdn-images.farfetch-contents.com/33/39/03/44/33390344_64380295_1000.jpg"
"appliqué maxi dress","Ermanno Scervino","tops","","female","377000","RUB","Purple","","","Ermanno Scervino appliqué maxi dress | Purple | mauve purple | appliqué detail | spaghetti straps | V-neck | zip fastening | Silk | Evening Dresses | Dresses | Clothing | Women","https://www.farfetch.com/de/shopping/women/ermanno-scervino-applique-maxi-dress-item-33592574.aspx","https://cdn-images.farfetch-contents.com/33/59/25/74/33592574_65090499_1000.jpg"
"Edda lace mini dress","Retrofete","tops","","female","142000","RUB","Gold","","","Retrofete Edda lace mini dress | Gold | gold | lace detail | sequin embellishment | sleeveless | V-neck | Polyester/Nylon/Spandex/Elastane | Cocktail & Party Dresses | Dresses | Clothing | Women","https://www.farfetch.com/de/shopping/women/retrofete-edda-lace-mini-dress-item-32016821.aspx","https://cdn-images.farfetch-contents.com/32/01/68/21/32016821_65211041_1000.jpg"
"Eolia maxi dress","Taller Marmo","tops","","female","485000","RUB","Purple","","","Taller Marmo Eolia maxi dress | Purple | plum | flared sleeves | boat neck | back slit | Acetate/Viscose | Evening Dresses | Dresses | Clothing | Women","https://www.farfetch.com/de/shopping/women/taller-marmo-eolia-maxi-dress-item-33130049.aspx","https://cdn-images.farfetch-contents.com/33/13/00/49/33130049_63570057_1000.jpg"
